Workbook

Sheet 시작하기
B2: 1인 사업자 · 프리랜서 장부
B3: 매출과 비용만 넣으면 손익 · 부가세 · 종합소득세가 자동으로 나옵니다.
B6: 이 파일이 하는 일
C7: 입력하는 곳은 [매출]과 [비용] 두 군데뿐입니다. 나머지는 전부 계산됩니다.
C8: 회계 지식이 없어도 됩니다. 월 구독료도 없습니다. 데이터는 본인 컴퓨터에만 남습니다.
B9: 시트 구성
B10: 1. 기본설정 | C10: 상호, 과세 유형(일반/간이), 업종, 카테고리 목록. 처음 한 번 5분.
B11: 2. 매출 | C11: 받은 돈을 기록합니다. 프리랜서는 3.3% 원천징수 여부를 체크하면 자동 반영됩니다.
B12: 3. 비용 | C12: 쓴 돈을 기록합니다. 경비 인정 여부와 매입세액 공제 여부를 표시합니다.
B13: 4. 대시보드 | C13: 이번 달 매출·비용·순이익·이익률. 월을 바꿔가며 볼 수 있습니다.
B14: 5. 손익계산 | C14: 12개월 전체와 연간 합계. 그대로 손익계산서로 씁니다.
B15: 6. 세금요약 | C15: 부가세 예상액, 종합소득세 예상액, 원천징수 정산 예상, 신고 일정.
B16: 7. 거래처 | C16: 누가 얼마 줬는지, 아직 못 받은 돈이 얼마인지.
B17: 색깔 규칙
B18: 노란 칸 · 파란 글씨 | C18: 여기에 입력하세요.
B19: 흰 칸 · 검은 글씨 | C19: 자동 계산됩니다. 덮어쓰면 수식이 지워집니다.
B20: 시작 순서
B21: 1단계 | C21: [기본설정]에서 상호와 과세 유형을 고릅니다. 모르면 홈택스 > 사업자등록 내역에서 확인.
B22: 2단계 | C22: 카테고리 목록을 본인 업종에 맞게 고칩니다.
B23: 3단계 | C23: [매출]과 [비용]의 예시 행을 지우고 실제 내역을 넣기 시작합니다.
B24: 꼭 읽어주세요
C25: 이 파일은 기록을 정리하고 세금을 '예상'해 주는 도구입니다. 세무 대리나 신고 대행이 아닙니다.
C26: 실제 신고 금액은 공제·감면·업종에 따라 달라집니다. 신고 전 세무사 또는 홈택스에서 확인하세요.
C27: 세율 기준일: 2026-07-28 (국세청 종합소득세 세율표 / 간이과세 기준 1억 400만원)

Sheet 기본설정
B2: 기본설정
B3: 처음 한 번만 채우면 됩니다.
B6: 사업 정보 | F6: 매출 카테고리 | G6: 결제 수단 | H6: 간이과세 참고
B7: 상호 / 이름 | C7: 내 사업 | D7: 세금계산·신고안내에 쓰입니다 | F7: 용역/서비스 | G7: 계좌이체 | H7: 연매출 1억 400만원 미만 → 간이과세
B8: 사업 형태 | C8: 프리랜서 | D8: 프리랜서 / 개인사업자 | F8: 제품 판매 | G8: 카드 | H8: 연매출 4,800만원 미만 → 부가세 납부면제
B9: 과세 유형 | C9: 간이과세자 | D9: 홈택스 > 사업자등록 내역에서 확인 | F9: 온라인 판매 | G9: 현금 | H9: (신고는 해야 함)
B10: 업종 | C10: 서비스 | D10: 간이과세 부가율 판단에 쓰입니다 | F10: 강의/컨설팅 | G10: 간편결제 | H10: 간이 신고: 매년 1월 25일
B11: 사업 시작 연도 | C11: 2026 | F11: 광고/제휴 | G11: 기타 | H11: 일반 신고: 1월 · 7월
F12: 기타 수입 | H12: 종합소득세: 매년 5월
B13: 세금 설정
B14: 원천징수율 (프리랜서) | C14: 0.033 | D14: 지급액에서 떼는 비율. 소득세 3% + 지방세 0.3% | F14: 비용 카테고리 | H14: 제조·도매·전문직 등은
B15: 부가세율 (일반과세) | C15: 0.1 | D15: 일반과세자 매출세액 계산용 | F15: 재료비/매입 | H15: 간이과세 배제 업종입니다.
B16: 간이 부가가치율 | C16: 0.15 | D16: 업종별 15~40%. 서비스업 통상 15~30% | F16: 임차료
B17: 차량 km당 단가 | C17: 300 | D17: 차량 사용 기록용. 본인 기준으로 조정 | F17: 인건비
F18: 통신비
F19: 광고선전비
F20: 차량유지비
F21: 소모품비
F22: 지급수수료
F23: 접대비
F24: 여비교통비
F25: 보험료
F26: 세금과공과
F27: 기타

Sheet 매출
B2: 매출
B3: 받은 돈을 기록합니다. 노란 칸만 채우면 됩니다.
B6: 날짜 | C6: 거래처 | D6: 내용 | E6: 카테고리 | F6: 공급가액 | G6: 부가세 | H6: 총 입금액 | I6: 원천징수 여부 | J6: 입금여부 | K6: 원천징수액(3.3%) | L6: 메모
B7: 46037 | C7: A거래처 | D7: 1월 용역 | E7: 용역/서비스 | F7: 1000000 | G7: =IF($F7="","",IF(기본설정!$C$9="일반과세자",ROUND($F7*기본설정!$C$15,0),0)) | H7: =IF($F7="","",$F7+$G7) | I7: 아니오 | J7: 예 | K7: =IF($F7="","",IF($I7="예",ROUND($F7*기본설정!$C$14,0),0))
B8: 46050 | C8: B스토어 | D8: 제품 판매 | E8: 제품 판매 | F8: 350000 | G8: =IF($F8="","",IF(기본설정!$C$9="일반과세자",ROUND($F8*기본설정!$C$15,0),0)) | H8: =IF($F8="","",$F8+$G8) | I8: 예 | J8: 예 | K8: =IF($F8="","",IF($I8="예",ROUND($F8*기본설정!$C$14,0),0))
G9: =IF($F9="","",IF(기본설정!$C$9="일반과세자",ROUND($F9*기본설정!$C$15,0),0)) | H9: =IF($F9="","",$F9+$G9) | K9: =IF($F9="","",IF($I9="예",ROUND($F9*기본설정!$C$14,0),0))
G10: =IF($F10="","",IF(기본설정!$C$9="일반과세자",ROUND($F10*기본설정!$C$15,0),0)) | H10: =IF($F10="","",$F10+$G10) | K10: =IF($F10="","",IF($I10="예",ROUND($F10*기본설정!$C$14,0),0))
G11: =IF($F11="","",IF(기본설정!$C$9="일반과세자",ROUND($F11*기본설정!$C$15,0),0)) | H11: =IF($F11="","",$F11+$G11) | K11: =IF($F11="","",IF($I11="예",ROUND($F11*기본설정!$C$14,0),0))
G12: =IF($F12="","",IF(기본설정!$C$9="일반과세자",ROUND($F12*기본설정!$C$15,0),0)) | H12: =IF($F12="","",$F12+$G12) | K12: =IF($F12="","",IF($I12="예",ROUND($F12*기본설정!$C$14,0),0))
G13: =IF($F13="","",IF(기본설정!$C$9="일반과세자",ROUND($F13*기본설정!$C$15,0),0)) | H13: =IF($F13="","",$F13+$G13) | K13: =IF($F13="","",IF($I13="예",ROUND($F13*기본설정!$C$14,0),0))
G14: =IF($F14="","",IF(기본설정!$C$9="일반과세자",ROUND($F14*기본설정!$C$15,0),0)) | H14: =IF($F14="","",$F14+$G14) | K14: =IF($F14="","",IF($I14="예",ROUND($F14*기본설정!$C$14,0),0))
G15: =IF($F15="","",IF(기본설정!$C$9="일반과세자",ROUND($F15*기본설정!$C$15,0),0)) | H15: =IF($F15="","",$F15+$G15) | K15: =IF($F15="","",IF($I15="예",ROUND($F15*기본설정!$C$14,0),0))
G16: =IF($F16="","",IF(기본설정!$C$9="일반과세자",ROUND($F16*기본설정!$C$15,0),0)) | H16: =IF($F16="","",$F16+$G16) | K16: =IF($F16="","",IF($I16="예",ROUND($F16*기본설정!$C$14,0),0))
G17: =IF($F17="","",IF(기본설정!$C$9="일반과세자",ROUND($F17*기본설정!$C$15,0),0)) | H17: =IF($F17="","",$F17+$G17) | K17: =IF($F17="","",IF($I17="예",ROUND($F17*기본설정!$C$14,0),0))
G18: =IF($F18="","",IF(기본설정!$C$9="일반과세자",ROUND($F18*기본설정!$C$15,0),0)) | H18: =IF($F18="","",$F18+$G18) | K18: =IF($F18="","",IF($I18="예",ROUND($F18*기본설정!$C$14,0),0))
G19: =IF($F19="","",IF(기본설정!$C$9="일반과세자",ROUND($F19*기본설정!$C$15,0),0)) | H19: =IF($F19="","",$F19+$G19) | K19: =IF($F19="","",IF($I19="예",ROUND($F19*기본설정!$C$14,0),0))
G20: =IF($F20="","",IF(기본설정!$C$9="일반과세자",ROUND($F20*기본설정!$C$15,0),0)) | H20: =IF($F20="","",$F20+$G20) | K20: =IF($F20="","",IF($I20="예",ROUND($F20*기본설정!$C$14,0),0))
... G506: =IF($F506="","",IF(기본설정!$C$9="일반과세자",ROUND($F506*기본설정!$C$15,0),0)) | H506: =IF($F506="","",$F506+$G506) | K506: =IF($F506="","",IF($I506="예",ROUND($F506*기본설정!$C$14,0),0))

Sheet 비용
B2: 비용
B3: 쓴 돈을 기록합니다. 경비 인정 여부를 꼭 표시하세요.
B6: 날짜 | C6: 거래처 | D6: 내용 | E6: 카테고리 | F6: 금액(부가세포함) | G6: 공급가액 | H6: 매입세액 | I6: 경비인정 | J6: 결제수단 | K6: 메모
B7: 46027 | C7: 건물주 | D7: 1월 임차료 | E7: 임차료 | F7: 800000 | G7: =IF($F7="","",ROUND($F7/1.1,0)) | H7: =IF($F7="","",IF(기본설정!$C$9="일반과세자",$F7-$G7,0)) | I7: 예 | J7: 계좌이체
B8: 46034 | C8: 통신사 | D8: 인터넷 | E8: 통신비 | F8: 44000 | G8: =IF($F8="","",ROUND($F8/1.1,0)) | H8: =IF($F8="","",IF(기본설정!$C$9="일반과세자",$F8-$G8,0)) | I8: 예 | J8: 카드
G9: =IF($F9="","",ROUND($F9/1.1,0)) | H9: =IF($F9="","",IF(기본설정!$C$9="일반과세자",$F9-$G9,0))
G10: =IF($F10="","",ROUND($F10/1.1,0)) | H10: =IF($F10="","",IF(기본설정!$C$9="일반과세자",$F10-$G10,0))
G11: =IF($F11="","",ROUND($F11/1.1,0)) | H11: =IF($F11="","",IF(기본설정!$C$9="일반과세자",$F11-$G11,0))
G12: =IF($F12="","",ROUND($F12/1.1,0)) | H12: =IF($F12="","",IF(기본설정!$C$9="일반과세자",$F12-$G12,0))
G13: =IF($F13="","",ROUND($F13/1.1,0)) | H13: =IF($F13="","",IF(기본설정!$C$9="일반과세자",$F13-$G13,0))
G14: =IF($F14="","",ROUND($F14/1.1,0)) | H14: =IF($F14="","",IF(기본설정!$C$9="일반과세자",$F14-$G14,0))
G15: =IF($F15="","",ROUND($F15/1.1,0)) | H15: =IF($F15="","",IF(기본설정!$C$9="일반과세자",$F15-$G15,0))
G16: =IF($F16="","",ROUND($F16/1.1,0)) | H16: =IF($F16="","",IF(기본설정!$C$9="일반과세자",$F16-$G16,0))
G17: =IF($F17="","",ROUND($F17/1.1,0)) | H17: =IF($F17="","",IF(기본설정!$C$9="일반과세자",$F17-$G17,0))
G18: =IF($F18="","",ROUND($F18/1.1,0)) | H18: =IF($F18="","",IF(기본설정!$C$9="일반과세자",$F18-$G18,0))
G19: =IF($F19="","",ROUND($F19/1.1,0)) | H19: =IF($F19="","",IF(기본설정!$C$9="일반과세자",$F19-$G19,0))
G20: =IF($F20="","",ROUND($F20/1.1,0)) | H20: =IF($F20="","",IF(기본설정!$C$9="일반과세자",$F20-$G20,0))
... G506: =IF($F506="","",ROUND($F506/1.1,0)) | H506: =IF($F506="","",IF(기본설정!$C$9="일반과세자",$F506-$G506,0))

Sheet 손익계산
B2: 손익계산
B3: 12개월 전체와 연간 합계입니다.
B6: 연도 | C6: 2026
B8: 항목 | C8: 1월 | D8: 2월 | E8: 3월 | F8: 4월 | G8: 5월 | H8: 6월 | I8: 7월 | J8: 8월 | K8: 9월 | L8: 10월 | M8: 11월 | N8: 12월 | O8: 연간
B9: 매출액 | C9: =SUMIFS(매출!$F$7:$F$506,매출!$B$7:$B$506,">="&DATE($C$6,1,1),매출!$B$7:$B$506,"<="&EOMONTH(DATE($C$6,1,1),0)) | D9: =SUMIFS(매출!$F$7:$F$506,매출!$B$7:$B$506,">="&DATE($C$6,2,1),매출!$B$7:$B$506,"<="&EOMONTH(DATE($C$6,2,1),0)) | E9: =SUMIFS(매출!$F$7:$F$506,매출!$B$7:$B$506,">="&DATE($C$6,3,1),매출!$B$7:$B$506,"<="&EOMONTH(DATE($C$6,3,1),0)) | F9: =SUMIFS(매출!$F$7:$F$506,매출!$B$7:$B$506,">="&DATE($C$6,4,1),매출!$B$7:$B$506,"<="&EOMONTH(DATE($C$6,4,1),0)) | G9: =SUMIFS(매출!$F$7:$F$506,매출!$B$7:$B$506,">="&DATE($C$6,5,1),매출!$B$7:$B$506,"<="&EOMONTH(DATE($C$6,5,1),0)) | H9: =SUMIFS(매출!$F$7:$F$506,매출!$B$7:$B$506,">="&DATE($C$6,6,1),매출!$B$7:$B$506,"<="&EOMONTH(DATE($C$6,6,1),0)) | I9: =SUMIFS(매출!$F$7:$F$506,매출!$B$7:$B$506,">="&DATE($C$6,7,1),매출!$B$7:$B$506,"<="&EOMONTH(DATE($C$6,7,1),0)) | J9: =SUMIFS(매출!$F$7:$F$506,매출!$B$7:$B$506,">="&DATE($C$6,8,1),매출!$B$7:$B$506,"<="&EOMONTH(DATE($C$6,8,1),0)) | K9: =SUMIFS(매출!$F$7:$F$506,매출!$B$7:$B$506,">="&DATE($C$6,9,1),매출!$B$7:$B$506,"<="&EOMONTH(DATE($C$6,9,1),0)) | L9: =SUMIFS(매출!$F$7:$F$506,매출!$B$7:$B$506,">="&DATE($C$6,10,1),매출!$B$7:$B$506,"<="&EOMONTH(DATE($C$6,10,1),0)) | M9: =SUMIFS(매출!$F$7:$F$506,매출!$B$7:$B$506,">="&DATE($C$6,11,1),매출!$B$7:$B$506,"<="&EOMONTH(DATE($C$6,11,1),0)) | N9: =SUMIFS(매출!$F$7:$F$506,매출!$B$7:$B$506,">="&DATE($C$6,12,1),매출!$B$7:$B$506,"<="&EOMONTH(DATE($C$6,12,1),0)) | O9: =SUM(C9:N9)
B10: 비용 합계 | C10: =SUMIFS(비용!$F$7:$F$506,비용!$B$7:$B$506,">="&DATE($C$6,1,1),비용!$B$7:$B$506,"<="&EOMONTH(DATE($C$6,1,1),0)) | D10: =SUMIFS(비용!$F$7:$F$506,비용!$B$7:$B$506,">="&DATE($C$6,2,1),비용!$B$7:$B$506,"<="&EOMONTH(DATE($C$6,2,1),0)) | E10: =SUMIFS(비용!$F$7:$F$506,비용!$B$7:$B$506,">="&DATE($C$6,3,1),비용!$B$7:$B$506,"<="&EOMONTH(DATE($C$6,3,1),0)) | F10: =SUMIFS(비용!$F$7:$F$506,비용!$B$7:$B$506,">="&DATE($C$6,4,1),비용!$B$7:$B$506,"<="&EOMONTH(DATE($C$6,4,1),0)) | G10: =SUMIFS(비용!$F$7:$F$506,비용!$B$7:$B$506,">="&DATE($C$6,5,1),비용!$B$7:$B$506,"<="&EOMONTH(DATE($C$6,5,1),0)) | H10: =SUMIFS(비용!$F$7:$F$506,비용!$B$7:$B$506,">="&DATE($C$6,6,1),비용!$B$7:$B$506,"<="&EOMONTH(DATE($C$6,6,1),0)) | I10: =SUMIFS(비용!$F$7:$F$506,비용!$B$7:$B$506,">="&DATE($C$6,7,1),비용!$B$7:$B$506,"<="&EOMONTH(DATE($C$6,7,1),0)) | J10: =SUMIFS(비용!$F$7:$F$506,비용!$B$7:$B$506,">="&DATE($C$6,8,1),비용!$B$7:$B$506,"<="&EOMONTH(DATE($C$6,8,1),0)) | K10: =SUMIFS(비용!$F$7:$F$506,비용!$B$7:$B$506,">="&DATE($C$6,9,1),비용!$B$7:$B$506,"<="&EOMONTH(DATE($C$6,9,1),0)) | L10: =SUMIFS(비용!$F$7:$F$506,비용!$B$7:$B$506,">="&DATE($C$6,10,1),비용!$B$7:$B$506,"<="&EOMONTH(DATE($C$6,10,1),0)) | M10: =SUMIFS(비용!$F$7:$F$506,비용!$B$7:$B$506,">="&DATE($C$6,11,1),비용!$B$7:$B$506,"<="&EOMONTH(DATE($C$6,11,1),0)) | N10: =SUMIFS(비용!$F$7:$F$506,비용!$B$7:$B$506,">="&DATE($C$6,12,1),비용!$B$7:$B$506,"<="&EOMONTH(DATE($C$6,12,1),0)) | O10: =SUM(C10:N10)
B11: 경비 인정분 | C11: =SUMIFS(비용!$F$7:$F$506,비용!$B$7:$B$506,">="&DATE($C$6,1,1),비용!$B$7:$B$506,"<="&EOMONTH(DATE($C$6,1,1),0),비용!$I$7:$I$506,"예") | D11: =SUMIFS(비용!$F$7:$F$506,비용!$B$7:$B$506,">="&DATE($C$6,2,1),비용!$B$7:$B$506,"<="&EOMONTH(DATE($C$6,2,1),0),비용!$I$7:$I$506,"예") | E11: =SUMIFS(비용!$F$7:$F$506,비용!$B$7:$B$506,">="&DATE($C$6,3,1),비용!$B$7:$B$506,"<="&EOMONTH(DATE($C$6,3,1),0),비용!$I$7:$I$506,"예") | F11: =SUMIFS(비용!$F$7:$F$506,비용!$B$7:$B$506,">="&DATE($C$6,4,1),비용!$B$7:$B$506,"<="&EOMONTH(DATE($C$6,4,1),0),비용!$I$7:$I$506,"예") | G11: =SUMIFS(비용!$F$7:$F$506,비용!$B$7:$B$506,">="&DATE($C$6,5,1),비용!$B$7:$B$506,"<="&EOMONTH(DATE($C$6,5,1),0),비용!$I$7:$I$506,"예") | H11: =SUMIFS(비용!$F$7:$F$506,비용!$B$7:$B$506,">="&DATE($C$6,6,1),비용!$B$7:$B$506,"<="&EOMONTH(DATE($C$6,6,1),0),비용!$I$7:$I$506,"예") | I11: =SUMIFS(비용!$F$7:$F$506,비용!$B$7:$B$506,">="&DATE($C$6,7,1),비용!$B$7:$B$506,"<="&EOMONTH(DATE($C$6,7,1),0),비용!$I$7:$I$506,"예") | J11: =SUMIFS(비용!$F$7:$F$506,비용!$B$7:$B$506,">="&DATE($C$6,8,1),비용!$B$7:$B$506,"<="&EOMONTH(DATE($C$6,8,1),0),비용!$I$7:$I$506,"예") | K11: =SUMIFS(비용!$F$7:$F$506,비용!$B$7:$B$506,">="&DATE($C$6,9,1),비용!$B$7:$B$506,"<="&EOMONTH(DATE($C$6,9,1),0),비용!$I$7:$I$506,"예") | L11: =SUMIFS(비용!$F$7:$F$506,비용!$B$7:$B$506,">="&DATE($C$6,10,1),비용!$B$7:$B$506,"<="&EOMONTH(DATE($C$6,10,1),0),비용!$I$7:$I$506,"예") | M11: =SUMIFS(비용!$F$7:$F$506,비용!$B$7:$B$506,">="&DATE($C$6,11,1),비용!$B$7:$B$506,"<="&EOMONTH(DATE($C$6,11,1),0),비용!$I$7:$I$506,"예") | N11: =SUMIFS(비용!$F$7:$F$506,비용!$B$7:$B$506,">="&DATE($C$6,12,1),비용!$B$7:$B$506,"<="&EOMONTH(DATE($C$6,12,1),0),비용!$I$7:$I$506,"예") | O11: =SUM(C11:N11)
B12: 순이익 | C12: =C9-C10 | D12: =D9-D10 | E12: =E9-E10 | F12: =F9-F10 | G12: =G9-G10 | H12: =H9-H10 | I12: =I9-I10 | J12: =J9-J10 | ... N12: =N9-N10 | O12: =SUM(C12:N12)
B13: 이익률 | C13: =IF(C9=0,"",C12/C9) | D13: =IF(D9=0,"",D12/D9) | E13: =IF(E9=0,"",E12/E9) | F13: =IF(F9=0,"",F12/F9) | G13: =IF(G9=0,"",G12/G9) | H13: =IF(H9=0,"",H12/H9) | I13: =IF(I9=0,"",I12/I9) | J13: =IF(J9=0,"",J12/J9) | ... O13: =IF(O9=0,"",O12/O9)
B14: 원천징수액 | C14: =SUMIFS(매출!$K$7:$K$506,매출!$B$7:$B$506,">="&DATE($C$6,1,1),매출!$B$7:$B$506,"<="&EOMONTH(DATE($C$6,1,1),0)) | D14: =SUMIFS(매출!$K$7:$K$506,매출!$B$7:$B$506,">="&DATE($C$6,2,1),매출!$B$7:$B$506,"<="&EOMONTH(DATE($C$6,2,1),0)) | E14: =SUMIFS(매출!$K$7:$K$506,매출!$B$7:$B$506,">="&DATE($C$6,3,1),매출!$B$7:$B$506,"<="&EOMONTH(DATE($C$6,3,1),0)) | F14: =SUMIFS(매출!$K$7:$K$506,매출!$B$7:$B$506,">="&DATE($C$6,4,1),매출!$B$7:$B$506,"<="&EOMONTH(DATE($C$6,4,1),0)) | G14: =SUMIFS(매출!$K$7:$K$506,매출!$B$7:$B$506,">="&DATE($C$6,5,1),매출!$B$7:$B$506,"<="&EOMONTH(DATE($C$6,5,1),0)) | H14: =SUMIFS(매출!$K$7:$K$506,매출!$B$7:$B$506,">="&DATE($C$6,6,1),매출!$B$7:$B$506,"<="&EOMONTH(DATE($C$6,6,1),0)) | I14: =SUMIFS(매출!$K$7:$K$506,매출!$B$7:$B$506,">="&DATE($C$6,7,1),매출!$B$7:$B$506,"<="&EOMONTH(DATE($C$6,7,1),0)) | J14: =SUMIFS(매출!$K$7:$K$506,매출!$B$7:$B$506,">="&DATE($C$6,8,1),매출!$B$7:$B$506,"<="&EOMONTH(DATE($C$6,8,1),0)) | K14: =SUMIFS(매출!$K$7:$K$506,매출!$B$7:$B$506,">="&DATE($C$6,9,1),매출!$B$7:$B$506,"<="&EOMONTH(DATE($C$6,9,1),0)) | L14: =SUMIFS(매출!$K$7:$K$506,매출!$B$7:$B$506,">="&DATE($C$6,10,1),매출!$B$7:$B$506,"<="&EOMONTH(DATE($C$6,10,1),0)) | M14: =SUMIFS(매출!$K$7:$K$506,매출!$B$7:$B$506,">="&DATE($C$6,11,1),매출!$B$7:$B$506,"<="&EOMONTH(DATE($C$6,11,1),0)) | N14: =SUMIFS(매출!$K$7:$K$506,매출!$B$7:$B$506,">="&DATE($C$6,12,1),매출!$B$7:$B$506,"<="&EOMONTH(DATE($C$6,12,1),0)) | O14: =SUM(C14:N14)
B16: 카테고리별 비용 (연간)
B17: 카테고리 | C17: 금액 | D17: 비중
B18: =기본설정!F15 | C18: =IF($B18="","",SUMIFS(비용!$F$7:$F$506,비용!$E$7:$E$506,$B18,비용!$B$7:$B$506,">="&DATE($C$6,1,1),비용!$B$7:$B$506,"<="&DATE($C$6,12,31))) | D18: =IF(OR($B18="",$O$10=0),"",C18/$O$10)
B19: =기본설정!F16 | C19: =IF($B19="","",SUMIFS(비용!$F$7:$F$506,비용!$E$7:$E$506,$B19,비용!$B$7:$B$506,">="&DATE($C$6,1,1),비용!$B$7:$B$506,"<="&DATE($C$6,12,31))) | D19: =IF(OR($B19="",$O$10=0),"",C19/$O$10)
B20: =기본설정!F17 | C20: =IF($B20="","",SUMIFS(비용!$F$7:$F$506,비용!$E$7:$E$506,$B20,비용!$B$7:$B$506,">="&DATE($C$6,1,1),비용!$B$7:$B$506,"<="&DATE($C$6,12,31))) | D20: =IF(OR($B20="",$O$10=0),"",C20/$O$10)
B21: =기본설정!F18 | C21: =IF($B21="","",SUMIFS(비용!$F$7:$F$506,비용!$E$7:$E$506,$B21,비용!$B$7:$B$506,">="&DATE($C$6,1,1),비용!$B$7:$B$506,"<="&DATE($C$6,12,31))) | D21: =IF(OR($B21="",$O$10=0),"",C21/$O$10)
B22: =기본설정!F19 | C22: =IF($B22="","",SUMIFS(비용!$F$7:$F$506,비용!$E$7:$E$506,$B22,비용!$B$7:$B$506,">="&DATE($C$6,1,1),비용!$B$7:$B$506,"<="&DATE($C$6,12,31))) | D22: =IF(OR($B22="",$O$10=0),"",C22/$O$10)
B23: =기본설정!F20 | C23: =IF($B23="","",SUMIFS(비용!$F$7:$F$506,비용!$E$7:$E$506,$B23,비용!$B$7:$B$506,">="&DATE($C$6,1,1),비용!$B$7:$B$506,"<="&DATE($C$6,12,31))) | D23: =IF(OR($B23="",$O$10=0),"",C23/$O$10)
B24: =기본설정!F21 | C24: =IF($B24="","",SUMIFS(비용!$F$7:$F$506,비용!$E$7:$E$506,$B24,비용!$B$7:$B$506,">="&DATE($C$6,1,1),비용!$B$7:$B$506,"<="&DATE($C$6,12,31))) | D24: =IF(OR($B24="",$O$10=0),"",C24/$O$10)
B25: =기본설정!F22 | C25: =IF($B25="","",SUMIFS(비용!$F$7:$F$506,비용!$E$7:$E$506,$B25,비용!$B$7:$B$506,">="&DATE($C$6,1,1),비용!$B$7:$B$506,"<="&DATE($C$6,12,31))) | D25: =IF(OR($B25="",$O$10=0),"",C25/$O$10)
B26: =기본설정!F23 | C26: =IF($B26="","",SUMIFS(비용!$F$7:$F$506,비용!$E$7:$E$506,$B26,비용!$B$7:$B$506,">="&DATE($C$6,1,1),비용!$B$7:$B$506,"<="&DATE($C$6,12,31))) | D26: =IF(OR($B26="",$O$10=0),"",C26/$O$10)
B27: =기본설정!F24 | C27: =IF($B27="","",SUMIFS(비용!$F$7:$F$506,비용!$E$7:$E$506,$B27,비용!$B$7:$B$506,">="&DATE($C$6,1,1),비용!$B$7:$B$506,"<="&DATE($C$6,12,31))) | D27: =IF(OR($B27="",$O$10=0),"",C27/$O$10)
B28: =기본설정!F25 | C28: =IF($B28="","",SUMIFS(비용!$F$7:$F$506,비용!$E$7:$E$506,$B28,비용!$B$7:$B$506,">="&DATE($C$6,1,1),비용!$B$7:$B$506,"<="&DATE($C$6,12,31))) | D28: =IF(OR($B28="",$O$10=0),"",C28/$O$10)
B29: =기본설정!F26 | C29: =IF($B29="","",SUMIFS(비용!$F$7:$F$506,비용!$E$7:$E$506,$B29,비용!$B$7:$B$506,">="&DATE($C$6,1,1),비용!$B$7:$B$506,"<="&DATE($C$6,12,31))) | D29: =IF(OR($B29="",$O$10=0),"",C29/$O$10)
B30: =기본설정!F27 | C30: =IF($B30="","",SUMIFS(비용!$F$7:$F$506,비용!$E$7:$E$506,$B30,비용!$B$7:$B$506,">="&DATE($C$6,1,1),비용!$B$7:$B$506,"<="&DATE($C$6,12,31))) | D30: =IF(OR($B30="",$O$10=0),"",C30/$O$10)

Sheet 대시보드
B2: 대시보드
B3: 월을 바꾸면 그 달 숫자가 나옵니다.
B6: 보고 싶은 월 | C6: 1 | D6: 월
B8: 이번 달
B10: 매출 | E10: 비용 | H10: 순이익
B11: =INDEX(손익계산!$C$9:$N$9,$C$6) | E11: =INDEX(손익계산!$C$10:$N$10,$C$6) | H11: =INDEX(손익계산!$C$12:$N$12,$C$6)
B13: 이익률 | E13: 원천징수액 | H13: 경비 인정분
B14: =INDEX(손익계산!$C$13:$N$13,$C$6) | E14: =INDEX(손익계산!$C$14:$N$14,$C$6) | H14: =INDEX(손익계산!$C$11:$N$11,$C$6)
B17: 연간 누계
B19: 연 매출 | E19: 연 비용 | H19: 연 순이익
B20: =손익계산!$O$9 | E20: =손익계산!$O$10 | H20: =손익계산!$O$12
B23: 과세 유형 확인
B24: =IF(손익계산!$O$9>=104000000,"연매출 1억 400만원 이상 → 다음 해 7월 1일부터 일반과세자로 전환됩니다.",IF(손익계산!$O$9<48000000,"연매출 4,800만원 미만 → 간이과세자라면 부가세 납부는 면제됩니다. 신고는 해야 합니다.","간이과세 구간입니다. (1억 400만원 미만)"))

Sheet 세금요약
B2: 세금 요약
B3: 예상액입니다. 실제 신고액은 공제·감면에 따라 달라집니다.
B6: 부가가치세 (예상)
B7: 매출세액 | C7: =IF(기본설정!$C$9="일반과세자",SUM(매출!$G$7:$G$506),0) | D7: 일반과세자만 발생
B8: 매입세액 | C8: =IF(기본설정!$C$9="일반과세자",SUM(비용!$H$7:$H$506),0) | D8: 적격증빙(세금계산서·카드) 있는 것만 실제 공제
B9: 일반과세 납부예상 | C9: =MAX(C7-C8,0)
B10: 간이과세 납부예상 | C10: =IF(기본설정!$C$9="간이과세자",IF(손익계산!$O$9<48000000,0,ROUND(손익계산!$O$9*기본설정!$C$16*0.1,0)),0) | D10: 매출 × 업종별 부가가치율 × 10% / 4,800만원 미만은 납부면제
B12: 종합소득세 (예상)
B13: 사업소득 (순이익) | C13: =손익계산!$O$12
B14: 과세표준 (가정) | C14: =MAX(C13-1500000,0) | D14: 기본공제 150만원만 반영한 단순 가정. 실제는 인적·연금 등 추가 공제 있음
B15: 산출세액 | C15: =ROUND(IF(C14<=14000000,C14*0.06,IF(C14<=50000000,C14*0.15-1260000,IF(C14<=88000000,C14*0.24-5760000,IF(C14<=150000000,C14*0.35-15440000,IF(C14<=300000000,C14*0.38-19940000,IF(C14<=500000000,C14*0.40-25940000,IF(C14<=1000000000,C14*0.42-35940000,C14*0.45-65940000))))))),0) | D15: 국세청 세율표 기준 (6%~45%, 누진공제 반영)
B16: 지방소득세 (10%) | C16: =ROUND(C15*0.1,0)
B17: 이미 낸 원천징수액 | C17: =손익계산!$O$14
B18: 정산 예상 | C18: =C15+C16-C17 | D18: 음수면 환급 예상, 양수면 추가 납부 예상
B20: 신고 일정
B21: 시기 | C21: 할 일 | D21: 메모
B22: 1월 25일 | C22: 부가세 확정신고 | D22: 간이과세자 연 1회 / 일반과세자 2기 확정
B23: 5월 1일 ~ 6월 1일 | C23: 종합소득세 신고 | D23: 전년도 소득 대상. 프리랜서 환급도 이때
B24: 7월 25일 | C24: 부가세 확정신고 | D24: 일반과세자 1기 확정
B25: 수시 | C25: 지원금 공고 확인 | D25: 마감 시각이 16시인 공고가 많습니다
B28: 출처 및 기준일
B29: 종합소득세 세율: 국세청 종합소득세 세율표 (1,400만원 이하 6% ~ 10억 초과 45%)
B30: 간이과세 기준: 연매출 1억 400만원 미만 / 납부면제 4,800만원 미만
B31: 종합소득세 신고: 2026년 5월 1일 ~ 6월 1일
B32: 확인일: 2026-07-28. 세법은 바뀝니다. 신고 전 홈택스에서 다시 확인하세요.

Sheet 거래처
B2: 거래처
B3: 누가 얼마 줬는지, 아직 못 받은 돈이 얼마인지.
B6: 거래처명 | C6: 총 매출 | D6: 입금 완료 | E6: 미수금 | F6: 건수
C7: =IF($B7="","",SUMIF(매출!$C$7:$C$506,$B7,매출!$F$7:$F$506)) | D7: =IF($B7="","",SUMIFS(매출!$F$7:$F$506,매출!$C$7:$C$506,$B7,매출!$J$7:$J$506,"예")) | E7: =IF($B7="","",C7-D7) | F7: =IF($B7="","",COUNTIF(매출!$C$7:$C$506,$B7))
C8: =IF($B8="","",SUMIF(매출!$C$7:$C$506,$B8,매출!$F$7:$F$506)) | D8: =IF($B8="","",SUMIFS(매출!$F$7:$F$506,매출!$C$7:$C$506,$B8,매출!$J$7:$J$506,"예")) | E8: =IF($B8="","",C8-D8) | F8: =IF($B8="","",COUNTIF(매출!$C$7:$C$506,$B8))
C9: =IF($B9="","",SUMIF(매출!$C$7:$C$506,$B9,매출!$F$7:$F$506)) | D9: =IF($B9="","",SUMIFS(매출!$F$7:$F$506,매출!$C$7:$C$506,$B9,매출!$J$7:$J$506,"예")) | E9: =IF($B9="","",C9-D9) | F9: =IF($B9="","",COUNTIF(매출!$C$7:$C$506,$B9))
C10: =IF($B10="","",SUMIF(매출!$C$7:$C$506,$B10,매출!$F$7:$F$506)) | D10: =IF($B10="","",SUMIFS(매출!$F$7:$F$506,매출!$C$7:$C$506,$B10,매출!$J$7:$J$506,"예")) | E10: =IF($B10="","",C10-D10) | F10: =IF($B10="","",COUNTIF(매출!$C$7:$C$506,$B10))
C11: =IF($B11="","",SUMIF(매출!$C$7:$C$506,$B11,매출!$F$7:$F$506)) | D11: =IF($B11="","",SUMIFS(매출!$F$7:$F$506,매출!$C$7:$C$506,$B11,매출!$J$7:$J$506,"예")) | E11: =IF($B11="","",C11-D11) | F11: =IF($B11="","",COUNTIF(매출!$C$7:$C$506,$B11))
C12: =IF($B12="","",SUMIF(매출!$C$7:$C$506,$B12,매출!$F$7:$F$506)) | D12: =IF($B12="","",SUMIFS(매출!$F$7:$F$506,매출!$C$7:$C$506,$B12,매출!$J$7:$J$506,"예")) | E12: =IF($B12="","",C12-D12) | F12: =IF($B12="","",COUNTIF(매출!$C$7:$C$506,$B12))
C13: =IF($B13="","",SUMIF(매출!$C$7:$C$506,$B13,매출!$F$7:$F$506)) | D13: =IF($B13="","",SUMIFS(매출!$F$7:$F$506,매출!$C$7:$C$506,$B13,매출!$J$7:$J$506,"예")) | E13: =IF($B13="","",C13-D13) | F13: =IF($B13="","",COUNTIF(매출!$C$7:$C$506,$B13))
C14: =IF($B14="","",SUMIF(매출!$C$7:$C$506,$B14,매출!$F$7:$F$506)) | D14: =IF($B14="","",SUMIFS(매출!$F$7:$F$506,매출!$C$7:$C$506,$B14,매출!$J$7:$J$506,"예")) | E14: =IF($B14="","",C14-D14) | F14: =IF($B14="","",COUNTIF(매출!$C$7:$C$506,$B14))
C15: =IF($B15="","",SUMIF(매출!$C$7:$C$506,$B15,매출!$F$7:$F$506)) | D15: =IF($B15="","",SUMIFS(매출!$F$7:$F$506,매출!$C$7:$C$506,$B15,매출!$J$7:$J$506,"예")) | E15: =IF($B15="","",C15-D15) | F15: =IF($B15="","",COUNTIF(매출!$C$7:$C$506,$B15))
C16: =IF($B16="","",SUMIF(매출!$C$7:$C$506,$B16,매출!$F$7:$F$506)) | D16: =IF($B16="","",SUMIFS(매출!$F$7:$F$506,매출!$C$7:$C$506,$B16,매출!$J$7:$J$506,"예")) | E16: =IF($B16="","",C16-D16) | F16: =IF($B16="","",COUNTIF(매출!$C$7:$C$506,$B16))
C17: =IF($B17="","",SUMIF(매출!$C$7:$C$506,$B17,매출!$F$7:$F$506)) | D17: =IF($B17="","",SUMIFS(매출!$F$7:$F$506,매출!$C$7:$C$506,$B17,매출!$J$7:$J$506,"예")) | E17: =IF($B17="","",C17-D17) | F17: =IF($B17="","",COUNTIF(매출!$C$7:$C$506,$B17))
C18: =IF($B18="","",SUMIF(매출!$C$7:$C$506,$B18,매출!$F$7:$F$506)) | D18: =IF($B18="","",SUMIFS(매출!$F$7:$F$506,매출!$C$7:$C$506,$B18,매출!$J$7:$J$506,"예")) | E18: =IF($B18="","",C18-D18) | F18: =IF($B18="","",COUNTIF(매출!$C$7:$C$506,$B18))
... C46: =IF($B46="","",SUMIF(매출!$C$7:$C$506,$B46,매출!$F$7:$F$506)) | D46: =IF($B46="","",SUMIFS(매출!$F$7:$F$506,매출!$C$7:$C$506,$B46,매출!$J$7:$J$506,"예")) | E46: =IF($B46="","",C46-D46) | F46: =IF($B46="","",COUNTIF(매출!$C$7:$C$506,$B46))
